City,Title,Recruitment_period,Education_period,Date,Quota,Address,State,Detail,Post
경기도 수원시,"서울대학교 수원수목원 생태프로그램 『들꽃의 속삭임』2025-05-19, 10:00",2025-04-28 ~ 2025-05-17,2025-05-19 ~ 2025-05-19,"월
10:00 ~ 11:30","20 / 20
(0 / 0)",서울대학교 수원수목원,접수마감,https://www.suwon.go.kr/web/reserv/edu/view.do?seqNo=10185&q_currPage=1&q_progressStatusCd=72&q_searchKey=ALL&q_rowPerPage=10&,
경기도 수원시,"서울대학교 수원수목원 생태프로그램 『수목원 덕후 되기』2025-05-19, 14:30",2025-04-28 ~ 2025-05-17,2025-05-19 ~ 2025-05-19,"월
14:30 ~ 16:00","20 / 20
(0 / 0)",서울대학교 수원수목원,접수마감,https://www.suwon.go.kr/web/reserv/edu/view.do?seqNo=10186&q_currPage=1&q_progressStatusCd=72&q_searchKey=ALL&q_rowPerPage=10&,
경기도 수원시,"서울대학교 수원수목원 생태프로그램 『수목원 덕후 되기』2025-05-20, 14:30",2025-04-28 ~ 2025-05-18,2025-05-20 ~ 2025-05-20,"화
14:30 ~ 16:00","8 / 20
(0 / 0)",서울대학교 수원수목원,접수중,https://www.suwon.go.kr/web/reserv/edu/view.do?seqNo=10190&q_currPage=1&q_progressStatusCd=72&q_searchKey=ALL&q_rowPerPage=10&,
경기도 수원시,"서울대학교 수원수목원 생태프로그램 『들꽃의 속삭임』2025-05-20, 10:30",2025-04-28 ~ 2025-05-18,2025-05-20 ~ 2025-05-20,"화
10:30 ~ 12:00","20 / 20
(0 / 0)",서울대학교 수원수목원,접수마감,https://www.suwon.go.kr/web/reserv/edu/view.do?seqNo=10188&q_currPage=1&q_progressStatusCd=72&q_searchKey=ALL&q_rowPerPage=10&,
경기도 수원시,"서울대학교 수원수목원 생태프로그램 『들꽃의 속삭임』2025-05-20, 14:00",2025-04-28 ~ 2025-05-18,2025-05-20 ~ 2025-05-20,"화
14:00 ~ 15:30","1 / 20
(0 / 0)",서울대학교 수원수목원,접수중,https://www.suwon.go.kr/web/reserv/edu/view.do?seqNo=10189&q_currPage=1&q_progressStatusCd=72&q_searchKey=ALL&q_rowPerPage=10&,
경기도 수원시,"서울대학교 수원수목원 생태프로그램 『들꽃의 속삭임』2025-05-20, 10:00",2025-04-28 ~ 2025-05-18,2025-05-20 ~ 2025-05-20,"화
10:00 ~ 11:30","20 / 20
(0 / 0)",서울대학교 수원수목원,접수마감,https://www.suwon.go.kr/web/reserv/edu/view.do?seqNo=10187&q_currPage=1&q_progressStatusCd=72&q_searchKey=ALL&q_rowPerPage=10&,
경기도 수원시,2025년 5월 원목도마(월넛) 목요일 오전 3차 (2025-05-22),2025-05-12 ~ 2025-05-18,2025-05-22 ~ 2025-05-22,"목
10:00 ~ 13:00","7 / 7
(0 / 0)",수원시 목공체험장,접수마감,https://www.suwon.go.kr/web/reserv/edu/view.do?seqNo=10127&q_currPage=1&q_progressStatusCd=72&q_searchKey=ALL&q_rowPerPage=10&,
경기도 수원시,산림치유 프로그램(광교산) - 오전10시 13차 (2025-05-22),2025-04-07 ~ 2025-05-18,2025-05-22 ~ 2025-05-22,"목
10:00 ~ 12:00","15 / 15
(0 / 0)",광교산 산림욕장,접수마감,https://www.suwon.go.kr/web/reserv/edu/view.do?seqNo=10055&q_currPage=1&q_progressStatusCd=72&q_searchKey=ALL&q_rowPerPage=10&,
경기도 수원시,산림치유 프로그램(광교산) - 오후2시 13차 (2025-05-22),2025-04-07 ~ 2025-05-18,2025-05-22 ~ 2025-05-22,"목
14:00 ~ 16:00","15 / 15
(0 / 0)",광교산 산림욕장,접수마감,https://www.suwon.go.kr/web/reserv/edu/view.do?seqNo=10073&q_currPage=1&q_progressStatusCd=72&q_searchKey=ALL&q_rowPerPage=10&,
경기도 수원시,산림치유 프로그램(광교산) - 오후2시 14차 (2025-05-23),2025-04-08 ~ 2025-05-19,2025-05-23 ~ 2025-05-23,"금
14:00 ~ 16:00","5 / 15
(0 / 0)",광교산 산림욕장,접수중,https://www.suwon.go.kr/web/reserv/edu/view.do?seqNo=10074&q_currPage=1&q_progressStatusCd=72&q_searchKey=ALL&q_rowPerPage=10&,
경기도 수원시,산림치유 프로그램(칠보산) - 오전10시 7차 (2025-05-23),2025-04-08 ~ 2025-05-19,2025-05-23 ~ 2025-05-23,"금
10:00 ~ 12:00","1 / 15
(0 / 0)",칠보산,접수중,https://www.suwon.go.kr/web/reserv/edu/view.do?seqNo=10085&q_currPage=2&q_progressStatusCd=72&q_searchKey=ALL&q_rowPerPage=10&,
경기도 수원시,산림치유 프로그램(광교산) - 오전10시 14차 (2025-05-23),2025-04-08 ~ 2025-05-19,2025-05-23 ~ 2025-05-23,"금
10:00 ~ 12:00","7 / 15
(0 / 0)",광교산 산림욕장,접수중,https://www.suwon.go.kr/web/reserv/edu/view.do?seqNo=10056&q_currPage=2&q_progressStatusCd=72&q_searchKey=ALL&q_rowPerPage=10&,
경기도 수원시,2025년 5월 미니 협탁(금) 오전 4차 (2025-05-23),2025-05-13 ~ 2025-05-19,2025-05-23 ~ 2025-05-23,"금
10:00 ~ 13:00","0 / 7
(0 / 0)",수원시 목공체험장,접수중,https://www.suwon.go.kr/web/reserv/edu/view.do?seqNo=10132&q_currPage=2&q_progressStatusCd=72&q_searchKey=ALL&q_rowPerPage=10&,
경기도 수원시,산림치유 프로그램(칠보산) - 오후2시 7차 (2025-05-23),2025-04-08 ~ 2025-05-19,2025-05-23 ~ 2025-05-23,"금
14:00 ~ 16:00","1 / 15
(0 / 0)",칠보산,접수중,https://www.suwon.go.kr/web/reserv/edu/view.do?seqNo=10094&q_currPage=2&q_progressStatusCd=72&q_searchKey=ALL&q_rowPerPage=10&,
경기도 수원시,"서울대학교 수원수목원 생태프로그램 『들꽃의 속삭임』2025-05-21, 10:00",2025-04-28 ~ 2025-05-19,2025-05-21 ~ 2025-05-21,"수
10:00 ~ 11:30","0 / 20
(0 / 0)",서울대학교 수원수목원,접수중,https://www.suwon.go.kr/web/reserv/edu/view.do?seqNo=10191&q_currPage=2&q_progressStatusCd=72&q_searchKey=ALL&q_rowPerPage=10&,
경기도 수원시,"서울대학교 수원수목원 생태프로그램 『들꽃의 속삭임』2025-05-21, 10:30",2025-04-28 ~ 2025-05-19,2025-05-21 ~ 2025-05-21,"수
10:30 ~ 12:00","1 / 20
(0 / 0)",서울대학교 수원수목원,접수중,https://www.suwon.go.kr/web/reserv/edu/view.do?seqNo=10192&q_currPage=2&q_progressStatusCd=72&q_searchKey=ALL&q_rowPerPage=10&,
경기도 수원시,"서울대학교 수원수목원 생태프로그램 『들꽃의 속삭임』2025-05-22, 10:30",2025-04-28 ~ 2025-05-20,2025-05-22 ~ 2025-05-22,"목
10:30 ~ 12:00","2 / 20
(0 / 0)",서울대학교 수원수목원,접수중,https://www.suwon.go.kr/web/reserv/edu/view.do?seqNo=10194&q_currPage=2&q_progressStatusCd=72&q_searchKey=ALL&q_rowPerPage=10&,
경기도 수원시,"서울대학교 수원수목원 생태프로그램 『들꽃의 속삭임』2025-05-22, 14:00",2025-04-28 ~ 2025-05-20,2025-05-22 ~ 2025-05-22,"목
14:00 ~ 15:30","2 / 20
(0 / 0)",서울대학교 수원수목원,접수중,https://www.suwon.go.kr/web/reserv/edu/view.do?seqNo=10195&q_currPage=2&q_progressStatusCd=72&q_searchKey=ALL&q_rowPerPage=10&,
경기도 수원시,"서울대학교 수원수목원 생태프로그램 『수목원 덕후 되기』2025-05-22, 14:30",2025-04-28 ~ 2025-05-20,2025-05-22 ~ 2025-05-22,"목
14:30 ~ 16:00","1 / 20
(0 / 0)",서울대학교 수원수목원,접수중,https://www.suwon.go.kr/web/reserv/edu/view.do?seqNo=10196&q_currPage=2&q_progressStatusCd=72&q_searchKey=ALL&q_rowPerPage=10&,
경기도 수원시,"서울대학교 수원수목원 생태프로그램 『들꽃의 속삭임』2025-05-22, 10:00",2025-04-28 ~ 2025-05-20,2025-05-22 ~ 2025-05-22,"목
10:00 ~ 11:30","4 / 20
(0 / 0)",서울대학교 수원수목원,접수중,https://www.suwon.go.kr/web/reserv/edu/view.do?seqNo=10193&q_currPage=2&q_progressStatusCd=72&q_searchKey=ALL&q_rowPerPage=10&,
경기도 수원시,2025년 5월 캄포원목 도마 (토) 오후 4차 (2025-05-24),2025-05-14 ~ 2025-05-20,2025-05-24 ~ 2025-05-24,"토
14:00 ~ 17:00","0 / 10
(0 / 0)",수원시 목공체험장,접수중,https://www.suwon.go.kr/web/reserv/edu/view.do?seqNo=10137&q_currPage=3&q_progressStatusCd=72&q_searchKey=ALL&q_rowPerPage=10&,
경기도 수원시,디지털 생활문해교육(스마트폰/키오스크),2025-03-04 ~ 2025-05-20,2026-04-01 ~ 2025-06-10,"화
15:00 ~ 17:00","0 / 1
(0 / 0)",대회의실,접수중,https://www.suwon.go.kr/web/reserv/edu/view.do?eduMstSeq=20250226153403&q_currPage=3&q_progressStatusCd=72&q_searchKey=ALL&q_rowPerPage=10&,
경기도 수원시,[일월수목원] 수수자연학교 - 목요식물교실,2025-04-01 ~ 2025-05-20,2025-04-10 ~ 2025-05-22,"목
10:00 ~ 12:00","0 / 12
(0 / 0)",일월수목원,접수중,https://www.suwon.go.kr/web/reserv/edu/view.do?eduMstSeq=20250329140139&q_currPage=3&q_progressStatusCd=72&q_searchKey=ALL&q_rowPerPage=10&,
경기도 수원시,[영흥수목원] 수수자연학교 - 목요식물교실,2025-04-01 ~ 2025-05-20,2025-04-10 ~ 2025-05-22,"목
10:00 ~ 12:00","0 / 12
(0 / 0)",영흥수목원,접수중,https://www.suwon.go.kr/web/reserv/edu/view.do?eduMstSeq=20250329140738&q_currPage=3&q_progressStatusCd=72&q_searchKey=ALL&q_rowPerPage=10&,
경기도 수원시,[국민내일배움카드교육] 전산회계2급자격취득과정(평일반),2025-04-01 ~ 2025-05-20,2025-05-22 ~ 2025-06-26,"목,금
09:30 ~ 13:30","0 / 20
(0 / 0)",수원여성인력개발센터,접수중,https://www.suwon.go.kr/web/reserv/edu/view.do?eduMstSeq=20250425153919&q_currPage=3&q_progressStatusCd=72&q_searchKey=ALL&q_rowPerPage=10&,
경기도 수원시,전래놀이지도사[단기반],2025-04-01 ~ 2025-05-20,2025-06-10 ~ 2025-07-01,"화
10:00 ~ 13:00","0 / 20
(0 / 0)",수원여성인력개발센터,접수중,https://www.suwon.go.kr/web/reserv/edu/view.do?eduMstSeq=20250411111943&q_currPage=3&q_progressStatusCd=72&q_searchKey=ALL&q_rowPerPage=10&,
경기도 수원시,전자책으로 월수익 만들기,2025-04-01 ~ 2025-05-21,2025-05-21 ~ 2025-06-18,"수
14:30 ~ 15:00","0 / 20
(0 / 0)",수원여성인력개발센터,접수중,https://www.suwon.go.kr/web/reserv/edu/view.do?eduMstSeq=20250411120023&q_currPage=3&q_progressStatusCd=72&q_searchKey=ALL&q_rowPerPage=10&,
경기도 수원시,"서울대학교 수원수목원 생태프로그램 『들꽃의 속삭임』2025-05-23, 10:00",2025-04-28 ~ 2025-05-21,2025-05-23 ~ 2025-05-23,"금
10:00 ~ 11:30","6 / 20
(0 / 0)",서울대학교 수원수목원,접수중,https://www.suwon.go.kr/web/reserv/edu/view.do?seqNo=10197&q_currPage=3&q_progressStatusCd=72&q_searchKey=ALL&q_rowPerPage=10&,
경기도 수원시,<언제든학교기획강좌>아픈 몸을 기록하다_가장 평범한 아픔,2025-03-04 ~ 2025-05-21,2025-05-21 ~ 2025-05-21,"수
19:00 ~ 21:00","0 / 35
(0 / 0)",수원시글로벌평생학습관,접수중,https://www.suwon.go.kr/web/reserv/edu/view.do?eduMstSeq=20250304154144&q_currPage=3&q_progressStatusCd=72&q_searchKey=ALL&q_rowPerPage=10&,
경기도 수원시,"서울대학교 수원수목원 생태프로그램 『들꽃의 속삭임』2025-05-23, 10:30",2025-04-28 ~ 2025-05-21,2025-05-23 ~ 2025-05-23,"금
10:30 ~ 12:00","0 / 20
(0 / 0)",서울대학교 수원수목원,접수중,https://www.suwon.go.kr/web/reserv/edu/view.do?seqNo=10198&q_currPage=3&q_progressStatusCd=72&q_searchKey=ALL&q_rowPerPage=10&,
경기도 수원시,"서울대학교 수원수목원 생태프로그램 『수목원 덕후 되기』2025-05-23, 14:30",2025-04-28 ~ 2025-05-21,2025-05-23 ~ 2025-05-23,"금
14:30 ~ 16:00","1 / 20
(0 / 0)",서울대학교 수원수목원,접수중,https://www.suwon.go.kr/web/reserv/edu/view.do?seqNo=10200&q_currPage=4&q_progressStatusCd=72&q_searchKey=ALL&q_rowPerPage=10&,
경기도 수원시,"서울대학교 수원수목원 생태프로그램 『들꽃의 속삭임』2025-05-23, 14:00",2025-04-28 ~ 2025-05-21,2025-05-23 ~ 2025-05-23,"금
14:00 ~ 15:30","4 / 20
(0 / 0)",서울대학교 수원수목원,접수중,https://www.suwon.go.kr/web/reserv/edu/view.do?seqNo=10199&q_currPage=4&q_progressStatusCd=72&q_searchKey=ALL&q_rowPerPage=10&,
경기도 수원시,"서울대학교 수원수목원 생태프로그램 『들꽃의 속삭임』2025-05-24, 14:00",2025-04-28 ~ 2025-05-22,2025-05-24 ~ 2025-05-24,"토
14:00 ~ 15:30","4 / 20
(0 / 0)",서울대학교 수원수목원,접수중,https://www.suwon.go.kr/web/reserv/edu/view.do?seqNo=10203&q_currPage=4&q_progressStatusCd=72&q_searchKey=ALL&q_rowPerPage=10&,
경기도 수원시,"<언제든학교기획강좌>아픈 몸을 기록하다_몸, 살아내고 말하고 저항하는 몸들의 인류학",2025-03-04 ~ 2025-05-22,2025-05-22 ~ 2025-05-22,"목
19:00 ~ 21:00","0 / 40
(0 / 0)",수원시글로벌평생학습관,접수중,https://www.suwon.go.kr/web/reserv/edu/view.do?eduMstSeq=20250304154145&q_currPage=4&q_progressStatusCd=72&q_searchKey=ALL&q_rowPerPage=10&,
경기도 수원시,"서울대학교 수원수목원 생태프로그램 『자연이 남긴 퍼즐: 애벌레가 그린 흔적』- 어린이 동반가족 프로그램 2025-05-24, 10:30",2025-04-28 ~ 2025-05-22,2025-05-24 ~ 2025-05-24,"토
10:30 ~ 12:00","15 / 15
(1 / 1)",서울대학교 수원수목원,접수마감,https://www.suwon.go.kr/web/reserv/edu/view.do?seqNo=10202&q_currPage=4&q_progressStatusCd=72&q_searchKey=ALL&q_rowPerPage=10&,
경기도 수원시,"서울대학교 수원수목원 생태프로그램 『자연이 남긴 퍼즐: 애벌레가 그린 흔적』- 어린이 동반가족 프로그램 2025-05-24, 14:30",2025-04-28 ~ 2025-05-22,2025-05-24 ~ 2025-05-24,"토
14:30 ~ 16:00","15 / 15
(0 / 0)",서울대학교 수원수목원,접수마감,https://www.suwon.go.kr/web/reserv/edu/view.do?seqNo=10204&q_currPage=4&q_progressStatusCd=72&q_searchKey=ALL&q_rowPerPage=10&,
경기도 수원시,"서울대학교 수원수목원 생태프로그램 『들꽃의 속삭임』2025-05-24, 10:00",2025-04-28 ~ 2025-05-22,2025-05-24 ~ 2025-05-24,"토
10:00 ~ 11:30","14 / 20
(0 / 0)",서울대학교 수원수목원,접수중,https://www.suwon.go.kr/web/reserv/edu/view.do?seqNo=10201&q_currPage=4&q_progressStatusCd=72&q_searchKey=ALL&q_rowPerPage=10&,
경기도 수원시,산림치유 프로그램(칠보산) - 오후2시 8차 (2025-05-26),2025-04-11 ~ 2025-05-22,2025-05-26 ~ 2025-05-26,"월
14:00 ~ 16:00","1 / 15
(0 / 0)",칠보산,접수중,https://www.suwon.go.kr/web/reserv/edu/view.do?seqNo=10095&q_currPage=4&q_progressStatusCd=72&q_searchKey=ALL&q_rowPerPage=10&,
경기도 수원시,산림치유 프로그램(광교산) - 오전10시 15차 (2025-05-26),2025-04-11 ~ 2025-05-22,2025-05-26 ~ 2025-05-26,"월
10:00 ~ 12:00","15 / 15
(0 / 0)",광교산 산림욕장,접수마감,https://www.suwon.go.kr/web/reserv/edu/view.do?seqNo=10057&q_currPage=4&q_progressStatusCd=72&q_searchKey=ALL&q_rowPerPage=10&,
경기도 수원시,산림치유 프로그램(칠보산) - 오전10시 8차 (2025-05-26),2025-04-11 ~ 2025-05-22,2025-05-26 ~ 2025-05-26,"월
10:00 ~ 12:00","3 / 15
(0 / 0)",칠보산,접수중,https://www.suwon.go.kr/web/reserv/edu/view.do?seqNo=10086&q_currPage=4&q_progressStatusCd=72&q_searchKey=ALL&q_rowPerPage=10&,
경기도 수원시,산림치유 프로그램(광교산) - 오후2시 15차 (2025-05-26),2025-04-11 ~ 2025-05-22,2025-05-26 ~ 2025-05-26,"월
14:00 ~ 16:00","15 / 15
(0 / 0)",광교산 산림욕장,접수마감,https://www.suwon.go.kr/web/reserv/edu/view.do?seqNo=10075&q_currPage=5&q_progressStatusCd=72&q_searchKey=ALL&q_rowPerPage=10&,
경기도 수원시,5월 월담- 노르딕워킹 건강법 [뭐라도학교],2025-03-13 ~ 2025-05-22,2025-05-22 ~ 2025-05-22,"목
15:00 ~ 17:00","0 / 40
(0 / 0)",수원시글로벌평생학습관,접수중,https://www.suwon.go.kr/web/reserv/edu/view.do?eduMstSeq=20250313034189&q_currPage=5&q_progressStatusCd=72&q_searchKey=ALL&q_rowPerPage=10&,
경기도 수원시,6월(초급) 액티브 시니어가 되자,2025-03-13 ~ 2025-05-23,2025-06-05 ~ 2025-06-26,"목
10:00 ~ 11:30","0 / 12
(0 / 0)",영통2동 문화센터 4F 상상예술방,접수중,https://www.suwon.go.kr/web/reserv/edu/view.do?eduMstSeq=20250228121112&q_currPage=5&q_progressStatusCd=72&q_searchKey=ALL&q_rowPerPage=10&,
경기도 수원시,6월- 스마트폰 중급반 (편리한 일상)-아이폰 불가,2025-03-13 ~ 2025-05-23,2025-06-05 ~ 2025-06-26,"목
11:40 ~ 13:10","0 / 12
(0 / 0)",영통2동 문화센터 4F 상상예술방,접수중,https://www.suwon.go.kr/web/reserv/edu/view.do?eduMstSeq=20250228121115&q_currPage=5&q_progressStatusCd=72&q_searchKey=ALL&q_rowPerPage=10&,
경기도 수원시,6월-나를 깨우는 글쓰기(인터뷰 글 마무리),2025-03-13 ~ 2025-05-23,2025-06-05 ~ 2025-06-26,"목
10:00 ~ 11:30","0 / 16
(0 / 0)",영통2동 문화센터 2F 소리울림방,접수중,https://www.suwon.go.kr/web/reserv/edu/view.do?eduMstSeq=20250228121173&q_currPage=5&q_progressStatusCd=72&q_searchKey=ALL&q_rowPerPage=10&,
경기도 수원시,산림치유 프로그램(일월수목원) - 오전10시 4차 (2025-05-27),2025-04-12 ~ 2025-05-23,2025-05-27 ~ 2025-05-27,"화
10:00 ~ 12:00","0 / 10
(0 / 0)",일월수목원,접수중,https://www.suwon.go.kr/web/reserv/edu/view.do?seqNo=10100&q_currPage=5&q_progressStatusCd=72&q_searchKey=ALL&q_rowPerPage=10&,
경기도 수원시,산림치유 프로그램(일월수목원) - 오후2시 4차 (2025-05-27),2025-04-12 ~ 2025-05-23,2025-05-27 ~ 2025-05-27,"화
14:00 ~ 16:00","9 / 10
(0 / 0)",일월수목원,접수중,https://www.suwon.go.kr/web/reserv/edu/view.do?seqNo=10104&q_currPage=5&q_progressStatusCd=72&q_searchKey=ALL&q_rowPerPage=10&,
경기도 수원시,산림치유 프로그램(영흥수목원) - 오전10시 4차 (2025-05-27),2025-04-12 ~ 2025-05-23,2025-05-27 ~ 2025-05-27,"화
10:00 ~ 12:00","9 / 10
(0 / 0)",영흥수목원,접수중,https://www.suwon.go.kr/web/reserv/edu/view.do?seqNo=10108&q_currPage=5&q_progressStatusCd=72&q_searchKey=ALL&q_rowPerPage=10&,
경기도 수원시,산림치유 프로그램(영흥수목원) - 오후2시 4차 (2025-05-27),2025-04-12 ~ 2025-05-23,2025-05-27 ~ 2025-05-27,"화
14:00 ~ 16:00","10 / 10
(0 / 0)",영흥수목원,접수마감,https://www.suwon.go.kr/web/reserv/edu/view.do?seqNo=10112&q_currPage=5&q_progressStatusCd=72&q_searchKey=ALL&q_rowPerPage=10&,
경기도 수원시,2025년 5월 소품의자(화) 오전 3차 (2025-05-27),2025-05-17 ~ 2025-05-23,2025-05-27 ~ 2025-05-27,"화
10:00 ~ 13:00","0 / 15
(0 / 0)",수원시 목공체험장,접수중,https://www.suwon.go.kr/web/reserv/edu/view.do?seqNo=10120&q_currPage=5&q_progressStatusCd=72&q_searchKey=ALL&q_rowPerPage=10&,
경기도 수원시,"서울대학교 수원수목원 생태프로그램 『들꽃의 속삭임』2025-05-27, 10:00",2025-04-28 ~ 2025-05-24,2025-05-27 ~ 2025-05-27,"화
10:00 ~ 11:30","0 / 20
(0 / 0)",서울대학교 수원수목원,접수중,https://www.suwon.go.kr/web/reserv/edu/view.do?seqNo=10207&q_currPage=6&q_progressStatusCd=72&q_searchKey=ALL&q_rowPerPage=10&,
경기도 수원시,"서울대학교 수원수목원 생태프로그램 『들꽃의 속삭임』2025-05-26, 10:00",2025-04-28 ~ 2025-05-24,2025-05-26 ~ 2025-05-26,"월
10:00 ~ 11:30","20 / 20
(0 / 0)",서울대학교 수원수목원,접수마감,https://www.suwon.go.kr/web/reserv/edu/view.do?seqNo=10205&q_currPage=6&q_progressStatusCd=72&q_searchKey=ALL&q_rowPerPage=10&,
경기도 수원시,[부국원 어린이교육] 부국원 꼬마 학예사 - 내가 만드는 작은 전시,2025-05-15 ~ 2025-05-24,2025-05-24 ~ 2025-05-24,"토
10:00 ~ 11:30","13 / 20
(0 / 5)",부국원 3층 교육실,접수중,https://www.suwon.go.kr/web/reserv/edu/view.do?seqNo=10117&q_currPage=6&q_progressStatusCd=72&q_searchKey=ALL&q_rowPerPage=10&,
경기도 수원시,"서울대학교 수원수목원 생태프로그램 『수목원 덕후 되기』2025-05-26, 14:30",2025-04-28 ~ 2025-05-24,2025-05-26 ~ 2025-05-26,"월
14:30 ~ 16:00","0 / 20
(0 / 0)",서울대학교 수원수목원,접수중,https://www.suwon.go.kr/web/reserv/edu/view.do?seqNo=10206&q_currPage=6&q_progressStatusCd=72&q_searchKey=ALL&q_rowPerPage=10&,
경기도 수원시,"서울대학교 수원수목원 생태프로그램 『수목원 덕후 되기』2025-05-27, 14:30",2025-04-28 ~ 2025-05-25,2025-05-27 ~ 2025-05-27,"화
14:30 ~ 16:00","0 / 20
(0 / 0)",서울대학교 수원수목원,접수중,https://www.suwon.go.kr/web/reserv/edu/view.do?seqNo=10210&q_currPage=6&q_progressStatusCd=72&q_searchKey=ALL&q_rowPerPage=10&,
경기도 수원시,"서울대학교 수원수목원 생태프로그램 『들꽃의 속삭임』2025-05-27, 14:00",2025-04-28 ~ 2025-05-25,2025-05-27 ~ 2025-05-27,"화
14:00 ~ 15:30","0 / 20
(0 / 0)",서울대학교 수원수목원,접수중,https://www.suwon.go.kr/web/reserv/edu/view.do?seqNo=10209&q_currPage=6&q_progressStatusCd=72&q_searchKey=ALL&q_rowPerPage=10&,
경기도 수원시,"서울대학교 수원수목원 생태프로그램 『들꽃의 속삭임』2025-05-27, 10:30",2025-04-28 ~ 2025-05-25,2025-05-27 ~ 2025-05-27,"화
10:30 ~ 12:00","4 / 20
(0 / 0)",서울대학교 수원수목원,접수중,https://www.suwon.go.kr/web/reserv/edu/view.do?seqNo=10208&q_currPage=6&q_progressStatusCd=72&q_searchKey=ALL&q_rowPerPage=10&,
경기도 수원시,산림치유 프로그램(광교산) - 오전10시 17차 (2025-05-29),2025-04-14 ~ 2025-05-25,2025-05-29 ~ 2025-05-29,"목
10:00 ~ 12:00","4 / 15
(0 / 0)",광교산 산림욕장,접수중,https://www.suwon.go.kr/web/reserv/edu/view.do?seqNo=10059&q_currPage=6&q_progressStatusCd=72&q_searchKey=ALL&q_rowPerPage=10&,
경기도 수원시,산림치유 프로그램(광교산) - 오후2시 17차 (2025-05-29),2025-04-14 ~ 2025-05-25,2025-05-29 ~ 2025-05-29,"목
14:00 ~ 16:00","15 / 15
(0 / 0)",광교산 산림욕장,접수마감,https://www.suwon.go.kr/web/reserv/edu/view.do?seqNo=10077&q_currPage=6&q_progressStatusCd=72&q_searchKey=ALL&q_rowPerPage=10&,
경기도 수원시,산림치유 프로그램(광교산) - 오후2시 18차 (2025-05-30),2025-04-15 ~ 2025-05-26,2025-05-30 ~ 2025-05-30,"금
14:00 ~ 16:00","15 / 15
(0 / 0)",광교산 산림욕장,접수마감,https://www.suwon.go.kr/web/reserv/edu/view.do?seqNo=10078&q_currPage=6&q_progressStatusCd=72&q_searchKey=ALL&q_rowPerPage=10&,
경기도 수원시,산림치유 프로그램(칠보산) - 오전10시 9차 (2025-05-30),2025-04-15 ~ 2025-05-26,2025-05-30 ~ 2025-05-30,"금
10:00 ~ 12:00","8 / 15
(0 / 0)",칠보산,접수중,https://www.suwon.go.kr/web/reserv/edu/view.do?seqNo=10087&q_currPage=7&q_progressStatusCd=72&q_searchKey=ALL&q_rowPerPage=10&,
경기도 수원시,산림치유 프로그램(광교산) - 오전10시 18차 (2025-05-30),2025-04-15 ~ 2025-05-26,2025-05-30 ~ 2025-05-30,"금
10:00 ~ 12:00","2 / 15
(0 / 0)",광교산 산림욕장,접수중,https://www.suwon.go.kr/web/reserv/edu/view.do?seqNo=10060&q_currPage=7&q_progressStatusCd=72&q_searchKey=ALL&q_rowPerPage=10&,
경기도 수원시,"서울대학교 수원수목원 생태프로그램 『들꽃의 속삭임』2025-05-28, 10:00",2025-04-28 ~ 2025-05-26,2025-05-28 ~ 2025-05-28,"수
10:00 ~ 11:30","0 / 20
(0 / 0)",서울대학교 수원수목원,접수중,https://www.suwon.go.kr/web/reserv/edu/view.do?seqNo=10211&q_currPage=7&q_progressStatusCd=72&q_searchKey=ALL&q_rowPerPage=10&,
경기도 수원시,"서울대학교 수원수목원 생태프로그램 『들꽃의 속삭임』2025-05-28, 10:30",2025-04-28 ~ 2025-05-26,2025-05-28 ~ 2025-05-28,"수
10:30 ~ 12:00","0 / 20
(0 / 0)",서울대학교 수원수목원,접수중,https://www.suwon.go.kr/web/reserv/edu/view.do?seqNo=10212&q_currPage=7&q_progressStatusCd=72&q_searchKey=ALL&q_rowPerPage=10&,
경기도 수원시,산림치유 프로그램(칠보산) - 오후2시 9차 (2025-05-30),2025-04-15 ~ 2025-05-26,2025-05-30 ~ 2025-05-30,"금
14:00 ~ 16:00","1 / 15
(0 / 0)",칠보산,접수중,https://www.suwon.go.kr/web/reserv/edu/view.do?seqNo=10096&q_currPage=7&q_progressStatusCd=72&q_searchKey=ALL&q_rowPerPage=10&,
경기도 수원시,"서울대학교 수원수목원 생태프로그램 『들꽃의 속삭임』2025-05-28, 14:00",2025-04-28 ~ 2025-05-26,2025-05-28 ~ 2025-05-28,"수
14:00 ~ 15:30","20 / 20
(0 / 0)",서울대학교 수원수목원,접수마감,https://www.suwon.go.kr/web/reserv/edu/view.do?seqNo=10213&q_currPage=7&q_progressStatusCd=72&q_searchKey=ALL&q_rowPerPage=10&,
경기도 수원시,"서울대학교 수원수목원 생태프로그램 『자연이 남긴 퍼즐: 애벌레가 그린 흔적』- 어린이 동반가족 프로그램 2025-05-28, 14:30",2025-04-28 ~ 2025-05-26,2025-05-28 ~ 2025-05-28,"수
14:30 ~ 16:00","15 / 15
(0 / 0)",서울대학교 수원수목원,접수마감,https://www.suwon.go.kr/web/reserv/edu/view.do?seqNo=10214&q_currPage=7&q_progressStatusCd=72&q_searchKey=ALL&q_rowPerPage=10&,
경기도 수원시,[국민내일배움카드교육] 정리수납전문가2급자격취득과정(평일반),2025-04-25 ~ 2025-05-26,2025-05-29 ~ 2025-07-03,"목
13:30 ~ 17:30","0 / 20
(0 / 0)",수원여성인력개발센터,접수중,https://www.suwon.go.kr/web/reserv/edu/view.do?eduMstSeq=20250425102915&q_currPage=7&q_progressStatusCd=72&q_searchKey=ALL&q_rowPerPage=10&,
경기도 수원시,겉도는 읽기 헛도는 쓰기를 읽다 : 삶의 통제력을 위한 독서,2025-02-14 ~ 2025-05-26,2025-05-26 ~ 2025-06-30,"월
19:00 ~ 21:00","0 / 130
(0 / 0)",수원시글로벌평생학습관,접수중,https://www.suwon.go.kr/web/reserv/edu/view.do?eduMstSeq=20250214154108&q_currPage=7&q_progressStatusCd=72&q_searchKey=ALL&q_rowPerPage=10&,
경기도 수원시,"서울대학교 수원수목원 생태프로그램 『수목원 덕후 되기』2025-05-29, 14:30",2025-04-28 ~ 2025-05-27,2025-05-29 ~ 2025-05-29,"목
14:30 ~ 16:00","20 / 20
(0 / 0)",서울대학교 수원수목원,접수마감,https://www.suwon.go.kr/web/reserv/edu/view.do?seqNo=10218&q_currPage=7&q_progressStatusCd=72&q_searchKey=ALL&q_rowPerPage=10&,
경기도 수원시,"서울대학교 수원수목원 생태프로그램 『들꽃의 속삭임』2025-05-29, 10:30",2025-04-28 ~ 2025-05-27,2025-05-29 ~ 2025-05-29,"목
10:30 ~ 12:00","0 / 20
(0 / 0)",서울대학교 수원수목원,접수중,https://www.suwon.go.kr/web/reserv/edu/view.do?seqNo=10216&q_currPage=8&q_progressStatusCd=72&q_searchKey=ALL&q_rowPerPage=10&,
경기도 수원시,"서울대학교 수원수목원 생태프로그램 『들꽃의 속삭임』2025-05-29, 14:00",2025-04-28 ~ 2025-05-27,2025-05-29 ~ 2025-05-29,"목
14:00 ~ 15:30","20 / 20
(0 / 0)",서울대학교 수원수목원,접수마감,https://www.suwon.go.kr/web/reserv/edu/view.do?seqNo=10217&q_currPage=8&q_progressStatusCd=72&q_searchKey=ALL&q_rowPerPage=10&,
경기도 수원시,"서울대학교 수원수목원 생태프로그램 『들꽃의 속삭임』2025-05-29, 10:00",2025-04-28 ~ 2025-05-27,2025-05-29 ~ 2025-05-29,"목
10:00 ~ 11:30","0 / 20
(0 / 0)",서울대학교 수원수목원,접수중,https://www.suwon.go.kr/web/reserv/edu/view.do?seqNo=10215&q_currPage=8&q_progressStatusCd=72&q_searchKey=ALL&q_rowPerPage=10&,
경기도 수원시,"서울대학교 수원수목원 생태프로그램 『들꽃의 속삭임』2025-05-30, 10:00",2025-04-28 ~ 2025-05-28,2025-05-30 ~ 2025-05-30,"금
10:00 ~ 11:30","20 / 20
(0 / 0)",서울대학교 수원수목원,접수마감,https://www.suwon.go.kr/web/reserv/edu/view.do?seqNo=10219&q_currPage=8&q_progressStatusCd=72&q_searchKey=ALL&q_rowPerPage=10&,
경기도 수원시,"서울대학교 수원수목원 생태프로그램 『들꽃의 속삭임』2025-05-30, 14:00",2025-04-28 ~ 2025-05-28,2025-05-30 ~ 2025-05-30,"금
14:00 ~ 15:30","20 / 20
(0 / 0)",서울대학교 수원수목원,접수마감,https://www.suwon.go.kr/web/reserv/edu/view.do?seqNo=10221&q_currPage=8&q_progressStatusCd=72&q_searchKey=ALL&q_rowPerPage=10&,
경기도 수원시,"서울대학교 수원수목원 생태프로그램 『들꽃의 속삭임』2025-05-30, 10:30",2025-04-28 ~ 2025-05-28,2025-05-30 ~ 2025-05-30,"금
10:30 ~ 12:00","2 / 20
(0 / 0)",서울대학교 수원수목원,접수중,https://www.suwon.go.kr/web/reserv/edu/view.do?seqNo=10220&q_currPage=8&q_progressStatusCd=72&q_searchKey=ALL&q_rowPerPage=10&,
경기도 수원시,"서울대학교 수원수목원 생태프로그램 『수목원 덕후 되기』2025-05-30, 14:30",2025-04-28 ~ 2025-05-28,2025-05-30 ~ 2025-05-30,"금
14:30 ~ 16:00","20 / 20
(0 / 0)",서울대학교 수원수목원,접수마감,https://www.suwon.go.kr/web/reserv/edu/view.do?seqNo=10222&q_currPage=8&q_progressStatusCd=72&q_searchKey=ALL&q_rowPerPage=10&,
경기도 수원시,ITQ 파워포인트 특강,2025-04-01 ~ 2025-05-28,2025-05-28 ~ 2025-06-18,"수,금
09:30 ~ 12:30","0 / 20
(0 / 0)",수원여성인력개발센터,접수중,https://www.suwon.go.kr/web/reserv/edu/view.do?eduMstSeq=20250415170553&q_currPage=8&q_progressStatusCd=72&q_searchKey=ALL&q_rowPerPage=10&,
경기도 수원시,[일월수목원 야간운영] 밤빛정원 - 봄바람 야간산책,2025-04-25 ~ 2025-05-29,2025-05-03 ~ 2025-05-31,"토
19:30 ~ 21:00","0 / 20
(0 / 0)",일월수목원,접수중,https://www.suwon.go.kr/web/reserv/edu/view.do?eduMstSeq=20250424195156&q_currPage=8&q_progressStatusCd=72&q_searchKey=ALL&q_rowPerPage=10&,
경기도 수원시,[일월수목원 야간운영] 밤빛정원 - 밤에 빛나는 나의 화분 '밤빛나',2025-04-25 ~ 2025-05-29,2025-05-03 ~ 2025-05-31,"토
19:00 ~ 21:00","0 / 12
(0 / 0)",일월수목원,접수중,https://www.suwon.go.kr/web/reserv/edu/view.do?eduMstSeq=20250424200619&q_currPage=8&q_progressStatusCd=72&q_searchKey=ALL&q_rowPerPage=10&,
경기도 수원시,[영흥수목원] 수수자연학교 - 나무야 안녕?,2025-04-01 ~ 2025-05-29,2025-04-12 ~ 2025-05-31,"토
10:00 ~ 23:59","0 / 12
(0 / 0)",영흥수목원,접수중,https://www.suwon.go.kr/web/reserv/edu/view.do?eduMstSeq=20250329142013&q_currPage=9&q_progressStatusCd=72&q_searchKey=ALL&q_rowPerPage=10&,
경기도 수원시,[영흥수목원 야간운영] 밤빛정원 - 밤에 빛나는 나의 화분 '밤빛나',2025-04-25 ~ 2025-05-29,2025-05-03 ~ 2025-05-31,"토
19:00 ~ 21:00","0 / 12
(0 / 0)",영흥수목원,접수중,https://www.suwon.go.kr/web/reserv/edu/view.do?eduMstSeq=20250424201057&q_currPage=9&q_progressStatusCd=72&q_searchKey=ALL&q_rowPerPage=10&,
경기도 수원시,[영흥수목원 야간운영] 밤빛정원 - 봄바람 야간산책,2025-04-25 ~ 2025-05-29,2025-05-03 ~ 2025-05-31,"토
17:30 ~ 21:00","0 / 20
(0 / 0)",영흥수목원,접수중,https://www.suwon.go.kr/web/reserv/edu/view.do?eduMstSeq=20250424195540&q_currPage=9&q_progressStatusCd=72&q_searchKey=ALL&q_rowPerPage=10&,
경기도 수원시,<언제든학교기획강좌>아픈 몸을 기록하다_아프다는 것에 관하여,2025-03-04 ~ 2025-05-29,2025-05-29 ~ 2025-05-29,"목
19:00 ~ 21:00","0 / 40
(0 / 0)",수원시글로벌평생학습관,접수중,https://www.suwon.go.kr/web/reserv/edu/view.do?eduMstSeq=20250304154146&q_currPage=9&q_progressStatusCd=72&q_searchKey=ALL&q_rowPerPage=10&,
경기도 수원시,"참여형민주시민교육 [안녕, 시민] 민주주의를 향한 역사 바로알기",2025-03-04 ~ 2025-05-30,2025-05-23 ~ 2025-05-30,"금
10:00 ~ 12:00","0 / 15
(0 / 0)",수원시글로벌평생학습관,접수중,https://www.suwon.go.kr/web/reserv/edu/view.do?eduMstSeq=20250304214152&q_currPage=9&q_progressStatusCd=72&q_searchKey=ALL&q_rowPerPage=10&,
경기도 수원시,[2025-05-31]수원향교 활용 프로그램 - 정조 임금님 수원향교에 오신 날(책 만들기),~ 2025-05-30,2025-05-31 ~ 2025-05-31,10:30 ~ 12:00,"20 / 20
(5 / 5)",수원향교,접수마감,https://www.suwon.go.kr/web/reserv/edu/view.do?seqNo=10039&q_currPage=9&q_progressStatusCd=72&q_searchKey=ALL&q_rowPerPage=10&,
경기도 수원시,[우리들교실] 창의 전래놀이,2025-03-13 ~ 2025-05-30,2025-04-10 ~ 2025-06-26,"목
15:00 ~ 17:00","0 / 15
(0 / 0)",수원시글로벌평생학습관,접수중,https://www.suwon.go.kr/web/reserv/edu/view.do?eduMstSeq=20250313034122&q_currPage=9&q_progressStatusCd=72&q_searchKey=ALL&q_rowPerPage=10&,
경기도 수원시,[언제든학교]단편낭독 6월 : 서유미 「밤이 영원할 것처럼」,2025-03-13 ~ 2025-05-30,2025-06-04 ~ 2025-06-25,"수
10:00 ~ 12:00","0 / 0
(0 / 0)",수원시글로벌평생학습관,접수중,https://www.suwon.go.kr/web/reserv/edu/view.do?eduMstSeq=20250313034206&q_currPage=9&q_progressStatusCd=72&q_searchKey=ALL&q_rowPerPage=10&,
경기도 수원시,[프로젝트] 나누는 거북이,2025-04-25 ~ 2025-05-30,2025-06-02 ~ 2025-06-16,"월
10:00 ~ 15:00","0 / 8
(0 / 0)",수원시글로벌평생학습관,접수중,https://www.suwon.go.kr/web/reserv/edu/view.do?eduMstSeq=20250425154211&q_currPage=9&q_progressStatusCd=72&q_searchKey=ALL&q_rowPerPage=10&,
경기도 수원시,"북토크-보이지 않는 노동자들 : 경계 없는 노동, 흔들리는 삶",2025-02-14 ~ 2025-06-03,2025-06-03 ~ 2025-06-03,"화
19:00 ~ 21:00","0 / 70
(0 / 0)",수원시글로벌평생학습관,접수중,https://www.suwon.go.kr/web/reserv/edu/view.do?eduMstSeq=20250214034105&q_currPage=9&q_progressStatusCd=72&q_searchKey=ALL&q_rowPerPage=10&,
경기도 수원시,"[언제든학교]힐링스피치, 여름",2025-03-13 ~ 2025-06-03,2025-06-04 ~ 2025-06-25,"수
10:00 ~ 12:00","0 / 18
(0 / 0)",수원시글로벌평생학습관,접수중,https://www.suwon.go.kr/web/reserv/edu/view.do?eduMstSeq=20250313034203&q_currPage=10&q_progressStatusCd=72&q_searchKey=ALL&q_rowPerPage=10&,
경기도 수원시,[오전반] 서종남교수의 문학아카데미 행복한 글쓰기 프로젝트 ON,2025-03-13 ~ 2025-06-05,2025-04-01 ~ 2025-06-24,"화
11:00 ~ 12:30","0 / 20
(0 / 0)",수원시글로벌평생학습관,접수중,https://www.suwon.go.kr/web/reserv/edu/view.do?eduMstSeq=20250313034120&q_currPage=10&q_progressStatusCd=72&q_searchKey=ALL&q_rowPerPage=10&,
경기도 수원시,[오후반] 서종남교수의 문학아카데미 행복한 글쓰기 프로젝트 ON,2025-03-13 ~ 2025-06-05,2025-04-01 ~ 2025-06-24,"화
13:00 ~ 14:30","0 / 25
(0 / 0)",수원시글로벌평생학습관,접수중,https://www.suwon.go.kr/web/reserv/edu/view.do?eduMstSeq=20250313034121&q_currPage=10&q_progressStatusCd=72&q_searchKey=ALL&q_rowPerPage=10&,
경기도 수원시,[내일배움카드]유튜브 동영상 편집과정(주말),2025-04-01 ~ 2025-06-05,2025-06-07 ~ 2025-08-09,"토
09:30 ~ 13:30","0 / 20
(0 / 0)",수원여성인력개발센터,접수중,https://www.suwon.go.kr/web/reserv/edu/view.do?eduMstSeq=20250411113111&q_currPage=10&q_progressStatusCd=72&q_searchKey=ALL&q_rowPerPage=10&,
경기도 수원시,[국비지원직업훈련]실버전문강사 양성과정,2025-05-07 ~ 2025-06-05,2025-06-16 ~ 2025-06-20,"월,화,수,목,금
13:30 ~ 17:30","0 / 15
(0 / 0)",수원여성인력개발센터,접수중,https://www.suwon.go.kr/web/reserv/edu/view.do?eduMstSeq=20250502102854&q_currPage=10&q_progressStatusCd=72&q_searchKey=ALL&q_rowPerPage=10&,
경기도 수원시,"시니어 정보문해 교육 (스마트폰, AI, 피싱예방)",2025-03-13 ~ 2025-06-06,2025-06-14 ~ 2025-09-20,"토
10:00 ~ 12:00","0 / 28
(0 / 0)",수원시글로벌평생학습관,접수중,https://www.suwon.go.kr/web/reserv/edu/view.do?eduMstSeq=20250313034116&q_currPage=10&q_progressStatusCd=72&q_searchKey=ALL&q_rowPerPage=10&,
경기도 수원시,[2025-06-07]수원향교 활용 프로그램 - 수원향교와 자연 이야기(자연체험),~ 2025-06-06,2025-06-07 ~ 2025-06-07,10:30 ~ 12:00,"20 / 20
(5 / 5)",수원향교,접수마감,https://www.suwon.go.kr/web/reserv/edu/view.do?seqNo=10040&q_currPage=10&q_progressStatusCd=72&q_searchKey=ALL&q_rowPerPage=10&,
경기도 수원시,베이비시터 자격취득과정,2025-04-23 ~ 2025-06-10,2025-06-09 ~ 2025-06-20,"월,화,수,목,금
09:30 ~ 13:30","0 / 20
(0 / 0)",수원여성인력개발센터,접수중,https://www.suwon.go.kr/web/reserv/edu/view.do?eduMstSeq=20250423091503&q_currPage=10&q_progressStatusCd=72&q_searchKey=ALL&q_rowPerPage=10&,
경기도 수원시,[공간 활용 셀프인테리어] 홈스테이징 전문가 과정,2025-04-15 ~ 2025-06-12,2025-06-12 ~ 2025-07-10,"목
10:00 ~ 13:00","0 / 20
(0 / 0)",수원여성인력개발센터,접수중,https://www.suwon.go.kr/web/reserv/edu/view.do?eduMstSeq=20250415131950&q_currPage=10&q_progressStatusCd=72&q_searchKey=ALL&q_rowPerPage=10&,
경기도 수원시,[국민내일배움카드교육] 전산회계2급자격취득과정(주말반),2025-04-23 ~ 2025-06-12,2025-06-14 ~ 2025-08-09,"토
09:30 ~ 13:30","0 / 20
(0 / 0)",수원여성인력개발센터,접수중,https://www.suwon.go.kr/web/reserv/edu/view.do?eduMstSeq=20250425152637&q_currPage=10&q_progressStatusCd=72&q_searchKey=ALL&q_rowPerPage=10&,
경기도 수원시,손희정의 <손상된 행성에서 더 나은 파국을 상상하기> 영화 비평,2025-03-04 ~ 2025-06-12,2025-04-10 ~ 2025-06-12,"목
19:00 ~ 21:30","0 / 0
(0 / 0)",수원시글로벌평생학습관,접수중,https://www.suwon.go.kr/web/reserv/edu/view.do?eduMstSeq=20250304214156&q_currPage=11&q_progressStatusCd=72&q_searchKey=ALL&q_rowPerPage=10&,
경기도 수원시,"산림치유 프로그램(암경험자 대상) - 오전9시30분 (4/30, 5/7, 5/17, 5/21, 5/28, 6/4, 6/11, 6/18)",2025-03-25 ~ 2025-06-13,2025-04-30 ~ 2025-06-18,"수
09:30 ~ 12:00","3 / 10
(0 / 0)",칠보산,접수중,https://www.suwon.go.kr/web/reserv/edu/view.do?seqNo=9955&q_currPage=11&q_progressStatusCd=72&q_searchKey=ALL&q_rowPerPage=10&,
경기도 수원시,[2025-06-14]수원향교 활용 프로그램 - 정조 임금님 수원향교에 오신 날(블록체험),~ 2025-06-13,2025-06-14 ~ 2025-06-14,10:30 ~ 12:00,"19 / 20
(0 / 5)",수원향교,접수중,https://www.suwon.go.kr/web/reserv/edu/view.do?seqNo=10041&q_currPage=11&q_progressStatusCd=72&q_searchKey=ALL&q_rowPerPage=10&,
경기도 수원시,안전한 거북이_올바른 공구사용법,2025-04-28 ~ 2025-06-13,2025-06-20 ~ 2025-06-20,"금
10:00 ~ 14:00","0 / 10
(0 / 0)",수원시글로벌평생학습관,접수중,https://www.suwon.go.kr/web/reserv/edu/view.do?eduMstSeq=20250428034210&q_currPage=11&q_progressStatusCd=72&q_searchKey=ALL&q_rowPerPage=10&,
경기도 수원시,장석준과 <세계 읽기> 2분기,2025-03-04 ~ 2025-06-17,2025-04-15 ~ 2025-06-17,"화
19:00 ~ 21:00","0 / 0
(0 / 0)",수원시글로벌평생학습관,접수중,https://www.suwon.go.kr/web/reserv/edu/view.do?eduMstSeq=20250305034159&q_currPage=11&q_progressStatusCd=72&q_searchKey=ALL&q_rowPerPage=10&,
경기도 수원시,쉽게 배우는 유튜브 콘텐츠 제작 기초반(2회차),2025-04-25 ~ 2025-06-18,2025-06-19 ~ 2025-07-17,"목
10:00 ~ 13:00","0 / 15
(0 / 0)",수원여성인력개발센터,접수중,https://www.suwon.go.kr/web/reserv/edu/view.do?eduMstSeq=20250425102139&q_currPage=11&q_progressStatusCd=72&q_searchKey=ALL&q_rowPerPage=10&,
경기도 수원시,6월 월담- 시민기자가 바라본 유네스코 세계문화유산 수원화성 [뭐라도학교],2025-03-13 ~ 2025-06-19,2025-06-19 ~ 2025-06-19,"목
15:00 ~ 17:00","0 / 30
(0 / 0)",수원시글로벌평생학습관,접수중,https://www.suwon.go.kr/web/reserv/edu/view.do?eduMstSeq=20250313034129&q_currPage=11&q_progressStatusCd=72&q_searchKey=ALL&q_rowPerPage=10&,
경기도 수원시,"음악미학과 오디오 소리의 본질, 그리고 클래식 감상",2025-03-04 ~ 2025-06-19,2025-04-10 ~ 2025-06-19,"목
10:00 ~ 12:00","0 / 50
(0 / 0)",수원시글로벌평생학습관,접수중,https://www.suwon.go.kr/web/reserv/edu/view.do?eduMstSeq=20250304214153&q_currPage=11&q_progressStatusCd=72&q_searchKey=ALL&q_rowPerPage=10&,
경기도 수원시,[2025-06-21]수원향교 활용 프로그램 - 수원향교와 자연 이야기(자연체험),~ 2025-06-20,2025-06-21 ~ 2025-06-21,10:30 ~ 12:00,"20 / 20
(5 / 5)",수원향교,접수마감,https://www.suwon.go.kr/web/reserv/edu/view.do?seqNo=10042&q_currPage=11&q_progressStatusCd=72&q_searchKey=ALL&q_rowPerPage=10&,
경기도 수원시,금빛합창단(동아리),2025-03-04 ~ 2025-06-20,2026-04-01 ~ 2025-06-30,"월
10:30 ~ 11:30","0 / 0
(0 / 0)",대회의실,접수중,https://www.suwon.go.kr/web/reserv/edu/view.do?eduMstSeq=20250307092030&q_currPage=11&q_progressStatusCd=72&q_searchKey=ALL&q_rowPerPage=10&,
경기도 수원시,시조창교실,2025-03-04 ~ 2025-06-20,2026-04-01 ~ 2025-06-30,"금
14:00 ~ 16:00","0 / 0
(0 / 0)",대회의실,접수중,https://www.suwon.go.kr/web/reserv/edu/view.do?eduMstSeq=20250226100658&q_currPage=12&q_progressStatusCd=72&q_searchKey=ALL&q_rowPerPage=10&,
경기도 수원시,유튜브 브랜드(동아리),2025-03-04 ~ 2025-06-20,2026-04-01 ~ 2025-06-30,"매월 셋째주 화요일
14:00 ~ 15:30","0 / 0
(0 / 0)",대회의실,접수중,https://www.suwon.go.kr/web/reserv/edu/view.do?eduMstSeq=20250226100742&q_currPage=12&q_progressStatusCd=72&q_searchKey=ALL&q_rowPerPage=10&,
경기도 수원시,현대미술,2025-03-04 ~ 2025-06-20,2026-04-01 ~ 2025-06-30,"월
10:00 ~ 12:00","0 / 0
(0 / 0)",대회의실,접수중,https://www.suwon.go.kr/web/reserv/edu/view.do?eduMstSeq=20250226104853&q_currPage=12&q_progressStatusCd=72&q_searchKey=ALL&q_rowPerPage=10&,
경기도 수원시,스포츠댄스교실,2025-03-04 ~ 2025-06-20,2026-04-01 ~ 2025-06-30,"월,목
13:30 ~ 15:00","0 / 0
(0 / 0)",대회의실,접수중,https://www.suwon.go.kr/web/reserv/edu/view.do?eduMstSeq=20250226132712&q_currPage=12&q_progressStatusCd=72&q_searchKey=ALL&q_rowPerPage=10&,
경기도 수원시,요가교실,2025-03-04 ~ 2025-06-20,2026-04-01 ~ 2025-06-30,"화,수,목
10:00 ~ 11:00","0 / 3
(0 / 0)",대회의실,접수중,https://www.suwon.go.kr/web/reserv/edu/view.do?eduMstSeq=20250226133741&q_currPage=12&q_progressStatusCd=72&q_searchKey=ALL&q_rowPerPage=10&,
경기도 수원시,한국무용교실,2025-03-04 ~ 2025-06-20,2026-04-01 ~ 2025-06-30,"화,금
11:30 ~ 13:00","0 / 0
(0 / 0)",대회의실,접수중,https://www.suwon.go.kr/web/reserv/edu/view.do?eduMstSeq=20250226134035&q_currPage=12&q_progressStatusCd=72&q_searchKey=ALL&q_rowPerPage=10&,
경기도 수원시,탁구교실(중급),2025-03-04 ~ 2025-06-20,2026-04-01 ~ 2025-06-30,"월,수
15:30 ~ 17:30","0 / 0
(0 / 0)",대회의실,접수중,https://www.suwon.go.kr/web/reserv/edu/view.do?eduMstSeq=20250226134603&q_currPage=12&q_progressStatusCd=72&q_searchKey=ALL&q_rowPerPage=10&,
경기도 수원시,인두화교실,2025-03-04 ~ 2025-06-20,2026-04-01 ~ 2025-06-30,"수
10:00 ~ 12:00","0 / 0
(0 / 0)",대회의실,접수중,https://www.suwon.go.kr/web/reserv/edu/view.do?eduMstSeq=20250226134724&q_currPage=12&q_progressStatusCd=72&q_searchKey=ALL&q_rowPerPage=10&,
경기도 수원시,한문교실,2025-03-04 ~ 2025-06-20,2026-04-01 ~ 2025-06-30,"금
10:00 ~ 11:00","0 / 1
(0 / 0)",대회의실,접수중,https://www.suwon.go.kr/web/reserv/edu/view.do?eduMstSeq=20250226134940&q_currPage=12&q_progressStatusCd=72&q_searchKey=ALL&q_rowPerPage=10&,
경기도 수원시,하모니카(동아리),2025-03-04 ~ 2025-06-20,2026-04-01 ~ 2025-06-30,"수
14:00 ~ 16:00","0 / 0
(0 / 0)",대회의실,접수중,https://www.suwon.go.kr/web/reserv/edu/view.do?eduMstSeq=20250226135533&q_currPage=12&q_progressStatusCd=72&q_searchKey=ALL&q_rowPerPage=10&,
경기도 수원시,노래교실(동아리),2025-03-04 ~ 2025-06-20,2026-04-01 ~ 2025-06-30,"금
13:00 ~ 15:00","0 / 2
(0 / 0)",대회의실,접수중,https://www.suwon.go.kr/web/reserv/edu/view.do?eduMstSeq=20250226135615&q_currPage=13&q_progressStatusCd=72&q_searchKey=ALL&q_rowPerPage=10&,
경기도 수원시,정효사랑(동아리),2025-03-04 ~ 2025-06-20,2026-04-01 ~ 2025-06-30,"금
15:30 ~ 17:30","0 / 0
(0 / 0)",대회의실,접수중,https://www.suwon.go.kr/web/reserv/edu/view.do?eduMstSeq=20250226135651&q_currPage=13&q_progressStatusCd=72&q_searchKey=ALL&q_rowPerPage=10&,
경기도 수원시,난타교실,2025-03-04 ~ 2025-06-20,2026-04-01 ~ 2025-06-30,"화
13:00 ~ 14:00","0 / 0
(0 / 0)",대회의실,접수중,https://www.suwon.go.kr/web/reserv/edu/view.do?eduMstSeq=20250226152028&q_currPage=13&q_progressStatusCd=72&q_searchKey=ALL&q_rowPerPage=10&,
경기도 수원시,탁구교실(초급),2025-03-04 ~ 2025-06-20,2026-04-01 ~ 2025-06-30,"수
13:00 ~ 15:00","0 / 0
(0 / 0)",대회의실,접수중,https://www.suwon.go.kr/web/reserv/edu/view.do?eduMstSeq=20250226152940&q_currPage=13&q_progressStatusCd=72&q_searchKey=ALL&q_rowPerPage=10&,
경기도 수원시,월간 강양구 <우리시대 과학 읽기> 2분기,2025-03-04 ~ 2025-06-24,2025-04-29 ~ 2025-06-24,"화
19:00 ~ 21:00","0 / 0
(0 / 0)",수원시글로벌평생학습관,접수중,https://www.suwon.go.kr/web/reserv/edu/view.do?eduMstSeq=20250305034160&q_currPage=13&q_progressStatusCd=72&q_searchKey=ALL&q_rowPerPage=10&,
경기도 수원시,젠더감수성 향상을 위한 역량강화 교육,2025-05-16 ~ 2025-06-24,2025-06-10 ~ 2025-06-24,"화
: ~ :","0 / 0
(0 / 0)",수원시청,접수중,https://www.suwon.go.kr/web/reserv/edu/view.do?eduMstSeq=20250516152941&q_currPage=13&q_progressStatusCd=72&q_searchKey=ALL&q_rowPerPage=10&,
경기도 수원시,[25년 2분기 문화초대석]바른자세 아름다운 워킹,2025-05-14 ~ 2025-06-26,2025-06-26 ~ 2025-06-26,"목
14:00 ~ 15:00","0 / 30
(0 / 0)",수원시글로벌평생학습관,접수중,https://www.suwon.go.kr/web/reserv/edu/view.do?eduMstSeq=20250514154215&q_currPage=13&q_progressStatusCd=72&q_searchKey=ALL&q_rowPerPage=10&,
경기도 수원시,토요일 오후 2시 후소와 함께,2025-04-02 ~ 2025-06-27,2025-04-05 ~ 2025-06-28,"토
14:00 ~ 15:00","0 / 10
(0 / 0)",수원화성박물관,접수중,https://www.suwon.go.kr/web/reserv/edu/view.do?eduMstSeq=20250327092742&q_currPage=13&q_progressStatusCd=72&q_searchKey=ALL&q_rowPerPage=10&,
경기도 수원시,채운의 개념으로 읽는 철학 2분기,2025-03-04 ~ 2025-06-27,2025-04-25 ~ 2025-06-27,"금
19:00 ~ 21:00","0 / 0
(0 / 0)",수원시글로벌평생학습관,접수중,https://www.suwon.go.kr/web/reserv/edu/view.do?eduMstSeq=20250304214157&q_currPage=13&q_progressStatusCd=72&q_searchKey=ALL&q_rowPerPage=10&,
경기도 수원시,헬스,2025-03-10 ~ 2025-06-30,2025-04-01 ~ 2025-06-30,"월 ~ 금
09:00 ~ 21:00","0 / 0
(0 / 0)",문화센터 3층,접수중,https://www.suwon.go.kr/web/reserv/edu/view.do?eduMstSeq=20250306111526&q_currPage=13&q_progressStatusCd=72&q_searchKey=ALL&q_rowPerPage=10&,
경기도 수원시,(동아리)일본어(중급),2025-03-10 ~ 2025-06-30,2025-04-01 ~ 2025-06-30,"화,목
10:30 ~ 12:00","0 / 0
(0 / 0)",프로그램1실,접수중,https://www.suwon.go.kr/web/reserv/edu/view.do?eduMstSeq=20250306125506&q_currPage=14&q_progressStatusCd=72&q_searchKey=ALL&q_rowPerPage=10&,
경기도 수원시,서예&캘리그라피,2025-03-10 ~ 2025-06-30,2025-04-01 ~ 2025-06-30,"월,금
10:00 ~ 12:00","0 / 1
(0 / 0)",프로그램1실,접수중,https://www.suwon.go.kr/web/reserv/edu/view.do?eduMstSeq=20250306125746&q_currPage=14&q_progressStatusCd=72&q_searchKey=ALL&q_rowPerPage=10&,
경기도 수원시,저녁요가A,2025-03-10 ~ 2025-06-30,2025-04-01 ~ 2025-06-30,"월,수
16:50 ~ 17:50","0 / 1
(0 / 0)",대회의실,접수중,https://www.suwon.go.kr/web/reserv/edu/view.do?eduMstSeq=20250306113025&q_currPage=14&q_progressStatusCd=72&q_searchKey=ALL&q_rowPerPage=10&,
경기도 수원시,고전무용B,2025-03-10 ~ 2025-06-30,2025-04-01 ~ 2025-06-30,"화,목
11:00 ~ 13:00","0 / 1
(0 / 0)",대회의실,접수중,https://www.suwon.go.kr/web/reserv/edu/view.do?eduMstSeq=20250306124329&q_currPage=14&q_progressStatusCd=72&q_searchKey=ALL&q_rowPerPage=10&,
경기도 수원시,저녁요가B,2025-03-10 ~ 2025-06-30,2025-04-01 ~ 2025-06-30,"월,수
18:00 ~ 19:00","0 / 2
(0 / 0)",대회의실,접수중,https://www.suwon.go.kr/web/reserv/edu/view.do?eduMstSeq=20250306124803&q_currPage=14&q_progressStatusCd=72&q_searchKey=ALL&q_rowPerPage=10&,
경기도 수원시,고전무용A,2025-03-10 ~ 2025-06-30,2025-04-01 ~ 2025-06-30,"화,목
09:00 ~ 11:00","0 / 0
(0 / 0)",대회의실,접수중,https://www.suwon.go.kr/web/reserv/edu/view.do?eduMstSeq=20250306163610&q_currPage=14&q_progressStatusCd=72&q_searchKey=ALL&q_rowPerPage=10&,
경기도 수원시,[25년 2분기 문화초대석]클래식 기타,2025-05-14 ~ 2025-07-01,2025-07-01 ~ 2025-07-01,"화
14:00 ~ 16:00","0 / 30
(0 / 0)",수원시글로벌평생학습관,접수중,https://www.suwon.go.kr/web/reserv/edu/view.do?eduMstSeq=20250514154214&q_currPage=14&q_progressStatusCd=72&q_searchKey=ALL&q_rowPerPage=10&,
경기도 수원시,[평일반]알기쉬운 부동산 공경매 (2025.4회차),2025-03-13 ~ 2025-07-07,2025-07-09 ~ 2025-09-03,"수
09:30 ~ 12:30","0 / 20
(0 / 0)",수원여성인력개발센터,접수중,https://www.suwon.go.kr/web/reserv/edu/view.do?eduMstSeq=20250313094733&q_currPage=14&q_progressStatusCd=72&q_searchKey=ALL&q_rowPerPage=10&,
경기도 수원시,[국민내일배움카드교육] 정리수납전문가2급자격취득과정 7회차(주말반),2025-05-14 ~ 2025-07-10,2025-07-12 ~ 2025-08-30,"토
09:30 ~ 12:30","0 / 20
(0 / 0)",수원여성인력개발센터,접수중,https://www.suwon.go.kr/web/reserv/edu/view.do?eduMstSeq=20250514104834&q_currPage=14&q_progressStatusCd=72&q_searchKey=ALL&q_rowPerPage=10&,
경기도 수원시,탄탄블로그마케팅,2025-05-12 ~ 2025-07-21,2025-07-14 ~ 2025-09-01,"월
10:00 ~ 13:00","0 / 20
(0 / 0)",수원여성인력개발센터,접수중,https://www.suwon.go.kr/web/reserv/edu/view.do?eduMstSeq=20250512105701&q_currPage=14&q_progressStatusCd=72&q_searchKey=ALL&q_rowPerPage=10&,
경기도 수원시,초보탈출! 인스타그램 제대로 시작하기,2025-05-12 ~ 2025-07-21,2025-07-14 ~ 2025-08-18,"월
13:30 ~ 16:30","0 / 20
(0 / 0)",수원여성인력개발센터,접수중,https://www.suwon.go.kr/web/reserv/edu/view.do?eduMstSeq=20250512110056&q_currPage=15&q_progressStatusCd=72&q_searchKey=ALL&q_rowPerPage=10&,
경기도 수원시,[내일배움카드] 유튜브 동영상 편집과정(주중반),2025-05-02 ~ 2025-08-11,2025-08-14 ~ 2025-10-23,"목
09:30 ~ 13:30","0 / 20
(0 / 0)",수원여성인력개발센터,접수중,https://www.suwon.go.kr/web/reserv/edu/view.do?eduMstSeq=20250502110450&q_currPage=15&q_progressStatusCd=72&q_searchKey=ALL&q_rowPerPage=10&,
경기도 수원시,포토샵 기초부터 실무까지(GTQ 자격증 취득)(2025. 2회차),2025-05-14 ~ 2025-08-17,2025-08-12 ~ 2025-09-23,"화
09:30 ~ 12:30","0 / 20
(0 / 0)",수원여성인력개발센터,접수중,https://www.suwon.go.kr/web/reserv/edu/view.do?eduMstSeq=20250514101315&q_currPage=15&q_progressStatusCd=72&q_searchKey=ALL&q_rowPerPage=10&,
경기도 수원시,[영흥수목원] 텃밭관리 프로그램 - 맛있는 정원,2025-04-25 ~ 2025-09-08,2025-05-14 ~ 2025-09-10,"수
10:00 ~ 12:00","0 / 15
(0 / 0)",영흥수목원,접수중,https://www.suwon.go.kr/web/reserv/edu/view.do?eduMstSeq=20250425144149&q_currPage=15&q_progressStatusCd=72&q_searchKey=ALL&q_rowPerPage=10&,
경기도 수원시,[일월수목원] 모네 특별전시 셀프 교육 활동지 - 모네가 그린 식물들,2025-04-24 ~ 2025-09-14,2025-04-26 ~ 2025-09-14,"화,수,목,금,토,일
14:00 ~ 15:00","0 / 20
(0 / 0)",일월수목원,접수중,https://www.suwon.go.kr/web/reserv/edu/view.do?eduMstSeq=20250423133303&q_currPage=15&q_progressStatusCd=72&q_searchKey=ALL&q_rowPerPage=10&,
경기도 수원시,[일월수목원] 토종씨앗과 채소정원 - 토종작물텃밭 관리 프로그램,2025-04-15 ~ 2025-10-13,2025-04-30 ~ 2025-10-15,"수
10:00 ~ 12:00","0 / 15
(0 / 0)",일월수목원,접수중,https://www.suwon.go.kr/web/reserv/edu/view.do?eduMstSeq=20250411152016&q_currPage=15&q_progressStatusCd=72&q_searchKey=ALL&q_rowPerPage=10&,
경기도 수원시,[영흥수목원] (단체 및 기관접수) 피어나는기다림,2025-05-01 ~ 2025-11-27,2025-05-01 ~ 2025-11-29,"화,수,목,금
09:00 ~ 16:00","0 / 15
(0 / 0)",영흥수목원,접수중,https://www.suwon.go.kr/web/reserv/edu/view.do?eduMstSeq=20250509195416&q_currPage=15&q_progressStatusCd=72&q_searchKey=ALL&q_rowPerPage=10&,
경기도 수원시,[일월수목원] (단체 및 기관접수) 피어나는기다림,2025-05-01 ~ 2025-11-27,2025-05-01 ~ 2025-11-28,"화,수,목,금,토
10:00 ~ 16:00","0 / 15
(0 / 0)",일월수목원,접수중,https://www.suwon.go.kr/web/reserv/edu/view.do?eduMstSeq=20250509200810&q_currPage=15&q_progressStatusCd=72&q_searchKey=ALL&q_rowPerPage=10&,
경기도 수원시,시조창교실,2024-12-16 ~ 2025-12-31,2025-01-01 ~ 2025-12-31,"금
14:00 ~ 16:00","0 / 0
(0 / 0)",대회의실,접수중,https://www.suwon.go.kr/web/reserv/edu/view.do?eduMstSeq=20250124100658&q_currPage=15&q_progressStatusCd=72&q_searchKey=ALL&q_rowPerPage=10&,
경기도 수원시,유튜브 브랜드(동아리),2024-12-16 ~ 2025-12-31,2025-01-01 ~ 2025-12-31,"화(1,3주)
13:30 ~ 14:30","0 / 0
(0 / 0)",대회의실,접수중,https://www.suwon.go.kr/web/reserv/edu/view.do?eduMstSeq=20250124100742&q_currPage=15&q_progressStatusCd=72&q_searchKey=ALL&q_rowPerPage=10&,
경기도 수원시,현대미술,2024-12-16 ~ 2025-12-31,2025-01-01 ~ 2025-12-31,"월
10:00 ~ 12:00","0 / 0
(0 / 0)",대회의실,접수중,https://www.suwon.go.kr/web/reserv/edu/view.do?eduMstSeq=20250124104853&q_currPage=16&q_progressStatusCd=72&q_searchKey=ALL&q_rowPerPage=10&,
경기도 수원시,스포츠댄스교실,2024-12-16 ~ 2025-12-31,2025-01-01 ~ 2025-12-31,"월,목
13:30 ~ 15:00","0 / 0
(0 / 0)",대회의실,접수중,https://www.suwon.go.kr/web/reserv/edu/view.do?eduMstSeq=20250124132712&q_currPage=16&q_progressStatusCd=72&q_searchKey=ALL&q_rowPerPage=10&,
경기도 수원시,요가교실,2024-12-16 ~ 2025-12-31,2025-01-01 ~ 2025-12-31,"화,수,목
10:00 ~ 11:00","0 / 0
(0 / 0)",대회의실,접수중,https://www.suwon.go.kr/web/reserv/edu/view.do?eduMstSeq=20250124133741&q_currPage=16&q_progressStatusCd=72&q_searchKey=ALL&q_rowPerPage=10&,
경기도 수원시,한국무용교실,2024-12-16 ~ 2025-12-31,2025-01-01 ~ 2025-12-31,"화,금
11:30 ~ 13:00","0 / 0
(0 / 0)",대회의실,접수중,https://www.suwon.go.kr/web/reserv/edu/view.do?eduMstSeq=20250124134035&q_currPage=16&q_progressStatusCd=72&q_searchKey=ALL&q_rowPerPage=10&,
경기도 수원시,탁구교실,2024-12-16 ~ 2025-12-31,2025-01-01 ~ 2025-12-31,"월,수
15:30 ~ 17:30","0 / 0
(0 / 0)",대회의실,접수중,https://www.suwon.go.kr/web/reserv/edu/view.do?eduMstSeq=20250124134603&q_currPage=16&q_progressStatusCd=72&q_searchKey=ALL&q_rowPerPage=10&,
경기도 수원시,인두화교실,2024-12-16 ~ 2025-12-31,2025-01-01 ~ 2025-12-31,"수
10:00 ~ 12:00","0 / 0
(0 / 0)",대회의실,접수중,https://www.suwon.go.kr/web/reserv/edu/view.do?eduMstSeq=20250124134724&q_currPage=16&q_progressStatusCd=72&q_searchKey=ALL&q_rowPerPage=10&,
경기도 수원시,난타교실,2024-12-16 ~ 2025-12-31,2025-01-01 ~ 2025-12-31,"화
13:00 ~ 14:00","0 / 0
(0 / 0)",대회의실,접수중,https://www.suwon.go.kr/web/reserv/edu/view.do?eduMstSeq=20250124134843&q_currPage=16&q_progressStatusCd=72&q_searchKey=ALL&q_rowPerPage=10&,
경기도 수원시,한문교실,2024-12-16 ~ 2025-12-31,2025-01-01 ~ 2025-12-31,"금
10:00 ~ 11:00","0 / 0
(0 / 0)",대회의실,접수중,https://www.suwon.go.kr/web/reserv/edu/view.do?eduMstSeq=20250124134940&q_currPage=16&q_progressStatusCd=72&q_searchKey=ALL&q_rowPerPage=10&,
경기도 수원시,금빛합창단(동아리),2024-12-16 ~ 2025-12-31,2025-01-01 ~ 2025-12-31,"월
09:30 ~ 11:30","0 / 0
(0 / 0)",대회의실,접수중,https://www.suwon.go.kr/web/reserv/edu/view.do?eduMstSeq=20250124135449&q_currPage=16&q_progressStatusCd=72&q_searchKey=ALL&q_rowPerPage=10&,
경기도 수원시,하모니카(동아리),2024-12-16 ~ 2025-12-31,2025-01-01 ~ 2025-12-31,"수
14:00 ~ 16:00","0 / 0
(0 / 0)",대회의실,접수중,https://www.suwon.go.kr/web/reserv/edu/view.do?eduMstSeq=20250124135533&q_currPage=16&q_progressStatusCd=72&q_searchKey=ALL&q_rowPerPage=10&,
경기도 수원시,노래교실(동아리),2024-12-16 ~ 2025-12-31,2026-01-01 ~ 2025-12-31,"금
13:00 ~ 15:00","0 / 0
(0 / 0)",대회의실,접수중,https://www.suwon.go.kr/web/reserv/edu/view.do?eduMstSeq=20250124135615&q_currPage=17&q_progressStatusCd=72&q_searchKey=ALL&q_rowPerPage=10&,
경기도 수원시,정효사랑(동아리),2024-12-16 ~ 2025-12-31,2025-01-01 ~ 2025-12-31,"금
15:30 ~ 17:30","0 / 0
(0 / 0)",대회의실,접수중,https://www.suwon.go.kr/web/reserv/edu/view.do?eduMstSeq=20250124135651&q_currPage=17&q_progressStatusCd=72&q_searchKey=ALL&q_rowPerPage=10&,
